,predictions
0,2.0989354
1,3.715144
2,3.9478822
3,0.7376108
4,3.0380368
5,5.165303
6,2.810438
7,1.8791798
8,3.1985366
9,2.2123778
10,1.0339246
11,1.9068886
12,1.5741074
13,1.4346932
14,2.0414543
15,3.110037
16,1.7007095
17,3.9692411
18,1.9220796
19,4.5155067
20,1.2862523
21,1.5451825
22,1.8860987
23,2.931631
24,1.7508732
25,1.3228211
26,2.318961
27,1.37105
28,1.5290262
29,1.7098876
30,1.5226864
31,1.3817686
32,2.3708
33,2.735147
34,1.5898943
35,0.49191034
36,2.2473054
37,1.7488277
38,0.984292
39,1.4938293
40,1.3938704
41,1.4802701
42,2.2375774
43,3.449029
44,2.4124594
45,2.399702
46,1.8157924
47,1.8350214
48,2.893017
49,1.9597478
50,1.4684814
51,1.5154469
52,0.6698056
53,2.557128
54,1.5779576
55,4.9006476
56,1.4151301
57,4.831728
58,1.3275907
59,3.576987
60,1.4149048
61,1.8432909
62,1.0388625
63,1.5766863
64,1.6797272
65,1.4840677
66,1.6783317
67,2.600025
68,4.254542
69,2.2387793
70,2.800825
71,2.2038825
72,1.2346588
73,1.5539887
74,3.7939708
75,3.2729075
76,0.40998986
77,1.7136817
78,0.8498654
79,1.0536326
80,2.2015784
81,3.2928593
82,1.581448
83,5.124967
84,1.5891081
85,1.7609706
86,4.455237
87,1.6222436
88,1.8569722
89,1.0580024
90,1.8959078
91,2.0373292
92,2.4825435
93,2.31809
94,1.4523951
95,1.0920502
96,1.7986016
97,1.914029
98,2.9874623
99,2.0306745
100,1.3505983
101,3.656337
102,2.2291515
103,2.5620873
104,1.7333965
105,0.9740546
106,0.8305883
107,1.1456896
108,3.5528216
109,0.5984843
110,2.7651358
111,1.3743678
112,2.1364808
113,1.5463048
114,1.9965147
115,2.5705686
116,1.3852655
117,2.1778262
118,2.0611527
119,1.124211
120,3.2405818
121,1.8671997
122,1.077716
123,1.3507967
124,3.3892546
125,1.6457647
126,2.1484506
127,1.2276841
128,2.4179792
129,1.155945
130,1.7807819
131,3.1677241
132,3.848263
133,3.0799136
134,2.8489861
135,1.1442536
136,3.2119353
137,1.7168547
138,1.5238428
139,0.49563247
140,3.1689272
141,1.6254056
142,4.835685
143,2.155144
144,2.7034247
145,3.762674
146,1.4135128
147,2.3664863
148,1.2416275
149,3.6044762
150,0.35906672
151,1.8598045
152,2.441166
153,1.2162952
154,0.9576831
155,3.57526
156,2.1698492
157,4.7571006
158,2.767207
159,2.8719373
160,2.5946498
161,1.2513664
162,3.1946626
163,1.6879979
164,1.5270182
165,3.4641628
166,2.126456
167,2.4931228
168,1.0353968
169,4.8193903
170,1.0184839
171,1.4136513
172,0.80697215
173,1.8860378
174,2.4866807
175,1.3250505
176,4.4555655
177,1.7692617
178,1.4950804
179,3.1731148
180,2.6538293
181,1.8680184
182,1.8909472
183,2.1373994
184,1.4062396
185,1.4601644
186,0.732479
187,2.7957616
188,5.1810493
189,1.6401889
190,0.83189845
191,2.015468
192,3.0017128
193,0.97841907
194,1.9401363
195,1.80765
196,1.522587
197,0.9244643
198,2.5096514
199,1.8799336
200,1.2620045
201,1.6826035
202,3.2410076
203,0.9902108
204,1.8463515
205,1.7418264
206,0.85199165
207,3.4617934
208,2.10255
209,1.226653
210,1.1803005
211,2.2743826
212,4.1891875
213,1.763008
214,1.947726
215,1.0148164
216,2.8175652
217,1.8380972
218,1.8899018
219,1.0281308
220,3.6759424
221,0.8155606
222,3.0699532
223,2.4073935
224,3.571999
225,2.8164222
226,1.2506769
227,2.227342
228,1.5447499
229,2.2205966
230,1.3871418
231,4.4742703
232,1.339074
233,1.0340059
234,2.2853434
235,1.8990213
236,1.319135
237,2.423992
238,1.5820282
239,2.7119355
240,2.112452
241,2.629457
242,4.2990146
243,3.5035386
244,3.0602992
245,1.0397002
246,1.2889471
247,2.5159326
248,3.149249
249,1.9345925
250,1.025572
251,1.6202741
252,1.8145396
253,1.368977
254,1.4172525
255,1.8422844
256,0.6426332
257,2.1976795
258,4.4953837
259,0.8779599
260,0.46980107
261,1.3183147
262,0.6600277
263,3.202488
264,2.7055821
265,4.8710856
266,1.5605745
267,2.2961323
268,1.1710707
269,2.6246417
270,1.1528381
271,1.6882049
272,2.6423159
273,1.9520931
274,1.2893778
275,3.8073912
276,2.2893085
277,1.3705031
278,1.7970836
279,5.406422
280,2.6949408
281,0.8374082
282,3.3051527
283,0.6559258
284,1.8916858
285,4.1295185
286,0.65451705
287,4.9930677
288,1.6785548
289,1.832379
290,1.5375432
291,1.648805
292,2.2561233
293,1.193844
294,1.7701395
295,0.99796957
296,2.5859876
297,1.9943328
298,1.263707
299,2.5495915
300,4.5641885
301,2.3526826
302,1.2679911
303,2.220592
304,1.7920724
305,1.3257589
306,2.8321254
307,1.4206051
308,3.478926
309,1.6873008
310,2.0206094
311,2.1522737
312,1.031419
313,2.3713834
314,3.6714125
315,1.2265311
316,0.8299763
317,0.9028683
318,1.1737326
319,1.3947585
320,0.66819096
321,1.5966182
322,2.1165423
323,1.2569214
324,1.6688765
325,0.6768252
326,2.1994424
327,1.677656
328,1.704878
329,2.790894
330,1.7698147
331,1.957069
332,2.6164715
333,1.6997557
334,2.1268506
335,2.9984229
336,4.7525506
337,2.4336267
338,2.9735212
339,1.0124302
340,1.7866174
341,1.0230342
342,0.8730517
343,2.4515944
344,2.7037022
345,4.911778
346,1.4459709
347,1.8754207
348,3.7127492
349,2.7195437
350,1.661504
351,3.4483438
352,1.6381544
353,2.3462775
354,0.6428425
355,1.3551123
356,3.000248
357,1.7147819
358,1.4875113
359,1.4661127
360,1.4803271
361,1.2899919
362,1.7472521
363,2.460661
364,2.7911909
365,2.1982617
366,4.614296
367,1.1359149
368,1.2949145
369,1.8958129
370,4.222289
371,2.2303221
372,2.282924
373,4.3783293
374,2.0366745
375,1.4915608
376,0.69250107
377,1.5430671
378,1.0992719
379,2.1295898
380,1.0340475
381,4.8861513
382,0.54511374
383,1.0917838
384,1.0414578
385,1.553266
386,1.5816152
387,1.1740962
388,1.8042828
389,1.0623559
390,1.9719315
391,2.1865823
392,2.7371876
393,1.5465021
394,1.5581639
395,1.8932844
396,2.328076
397,2.8388608
398,2.3582425
399,0.71852416
400,3.27944
401,1.3289613
402,1.8050928
403,2.7318087
404,1.7595674
405,3.0237315
406,1.1433215
407,1.11031
408,1.7142353
409,0.9368156
410,2.9654207
411,3.0560231
412,1.620506
413,1.271899
414,0.98397887
415,3.953919
416,1.8520801
417,4.7188177
418,3.6422696
419,3.5098042
420,1.817118
421,2.7205732
422,1.459847
423,1.4913493
424,1.0553769
425,1.3711436
426,1.3702089
427,1.8193865
428,1.7625952
429,2.1878588
430,0.6567248
431,0.407497
432,2.12308
433,2.4317784
434,1.5181073
435,2.7406497
436,1.9022527
437,3.8826995
438,2.0843928
439,1.2094358
440,1.9486126
441,2.5698037
442,3.8527114
443,1.5304466
444,1.8147836
445,2.7494736
446,1.6042854
447,1.5841799
448,2.5749137
449,0.8648262
450,2.8657434
451,1.4229038
452,2.6876845
453,1.4628855
454,2.466888
455,1.5146191
456,2.8544035
457,1.9587262
458,1.6267405
459,1.406369
460,0.9183589
461,1.2204123
462,1.255781
463,0.92769605
464,2.4118726
465,1.5238166
466,1.8518143
467,2.1877139
468,1.5147301
469,2.6122546
470,2.4576294
471,3.5719857
472,2.68992
473,2.767156
474,1.6125064
475,4.868712
476,1.5777919
477,1.0932531
478,2.0366983
479,3.4307456
480,1.93706
481,1.2701597
482,4.811062
483,1.8097683
484,1.2856015
485,1.39022
486,2.0684006
487,5.0806017
488,2.2696278
489,2.5739172
490,2.021524
491,1.7583315
492,0.8086404
493,3.0990844
494,1.2402436
495,1.9690508
496,1.8989693
497,4.4578166
498,1.2361239
499,3.2716136
500,2.1392736
501,1.7520244
502,1.2858684
503,1.4961684
504,3.9110496
505,1.9824315
506,2.837099
507,1.390567
508,2.1938024
509,2.4146726
510,1.5659347
511,1.6611497
512,2.127777
513,4.398261
514,2.1728392
515,3.7918458
516,2.213315
517,1.8140347
518,4.480825
519,2.9441032
520,2.8958225
521,1.577869
522,3.5909038
523,2.2703526
524,3.1064463
525,1.4582361
526,2.2574935
527,2.3323908
528,1.829048
529,1.3550538
530,1.6659771
531,1.8910747
532,4.2817116
533,2.7064257
534,2.7002077
535,1.6064785
536,2.8436244
537,2.053872
538,1.6424624
539,1.7697916
540,1.2110088
541,2.4588456
542,1.197179
543,1.453586
544,3.4915009
545,1.8963236
546,2.5430899
547,1.0532469
548,2.9590368
549,1.507917
550,1.2808366
551,0.59141654
552,0.7297312
553,1.4065781
554,0.965233
555,1.3365289
556,1.7491951
557,4.835916
558,0.80407655
559,1.8862263
560,2.5549366
561,3.7624323
562,3.044205
563,1.940401
564,1.7899686
565,0.7034184
566,1.7866036
567,1.405356
568,4.727159
569,2.172465
570,1.6634623
571,2.3241334
572,1.3259169
573,0.45203632
574,2.2949529
575,2.0564046
576,2.3802655
577,1.7255937
578,2.3100822
579,2.5724938
580,2.133441
581,0.59348965
582,2.6135259
583,2.739706
584,0.6718032
585,3.453739
586,2.8002071
587,3.4013677
588,2.140666
589,1.7328324
590,3.243374
591,2.5149019
592,1.269581
593,2.3483496
594,1.7469184
595,1.1619822
596,4.07234
597,0.56965506
598,1.8963767
599,1.3026723
600,1.5015315
601,1.8107495
602,2.114764
603,1.1892277
604,0.87968695
605,1.6292068
606,1.1674308
607,3.3606467
608,3.6000638
609,3.5505414
610,2.594161
611,2.3661976
612,1.9402295
613,3.1108053
614,1.6403097
615,2.1708179
616,2.606443
617,1.1832556
618,0.9207829
619,1.9955007
620,1.5467808
621,3.0040581
622,1.548216
623,1.5203289
624,2.5483577
625,0.8523757
626,1.4014113
627,1.5079957
628,2.3175926
629,1.5162687
630,4.5915637
631,0.85116404
632,1.6601708
633,2.586791
634,1.7817723
635,2.4781618
636,2.5026014
637,4.842193
638,2.0730536
639,1.9220847
640,2.5619967
641,3.8378968
642,1.7947584
643,1.5733653
644,1.6561774
645,2.3956532
646,2.7521255
647,2.1802142
648,2.164992
649,0.8477665
650,0.92055345
651,1.7874887
652,2.0933702
653,1.6687295
654,1.3467624
655,2.1593893
656,1.5752814
657,1.7651106
658,1.6822492
659,4.4152265
660,1.8678552
661,2.068025
662,2.582212
663,1.2036078
664,4.2003503
665,3.842954
666,1.9580331
667,1.7247318
668,2.270266
669,4.8025336
670,1.2871892
671,1.5252771
672,1.4978528
673,3.62048
674,1.8460289
675,3.1734228
676,3.8020704
677,1.0957848
678,0.216257
679,0.9223387
680,3.6222253
681,2.3282847
682,2.2443204
683,1.6704683
684,2.121299
685,3.2633507
686,1.6293596
687,2.2864065
688,1.5613414
689,1.3750623
690,1.2968793
691,1.1194891
692,3.020495
693,1.4817854
694,2.079008
695,4.5632033
696,4.2926397
697,0.6646063
698,1.9796734
699,4.0736384
700,2.3920388
701,1.5888003
702,1.2546407
703,1.7190739
704,1.4890584
705,2.921616
706,1.3864813
707,2.5375125
708,3.7450657
709,2.8088448
710,3.867536
711,0.44839334
712,1.2065955
713,2.0558517
714,2.5720334
715,2.1058087
716,1.6915407
717,3.9266815
718,2.0017157
719,2.6459887
720,0.7800143
721,1.4904397
722,1.9543427
723,2.6570344
724,2.1905496
725,1.3826525
726,2.8787
727,1.9365991
728,2.9771037
729,0.89456844
730,1.3449993
731,1.5896912
732,1.0092582
733,0.9903254
734,1.3578799
735,3.7864203
736,0.70673347
737,4.228307
738,3.9733164
739,1.6956125
740,2.0424235
741,2.113153
742,1.6335646
743,2.3324444
744,1.9595625
745,2.0713267
746,1.8469256
747,2.2057612
748,2.5129511
749,1.1097211
750,1.561297
751,0.7539922
752,1.0057029
753,1.0536209
754,1.5955678
755,2.5244105
756,4.2380543
757,2.0318856
758,1.5696934
759,1.4662746
760,2.2306106
761,3.430199
762,1.0450536
763,0.75669956
764,3.4784555
765,1.3037485
766,1.8208998
767,2.9119575
768,1.5057472
769,1.0574691
770,2.889686
771,2.6852865
772,1.281995
773,3.0387537
774,1.6061605
775,2.845688
776,1.5378369
777,1.8614401
778,2.6417623
779,1.9915105
780,1.5143026
781,0.8911931
782,0.69494206
783,2.437253
784,3.8311036
785,2.8698912
786,0.6509759
787,1.3039535
788,3.4371867
789,3.4988031
790,2.2620487
791,1.713431
792,1.5489893
793,4.616186
794,3.5351567
795,4.0406113
796,1.4492795
797,1.0304389
798,3.5522337
799,1.1169282
800,2.1786602
801,2.367432
802,3.2288024
803,1.8891684
804,1.2327064
805,1.1871033
806,2.3330472
807,0.6490403
808,1.1411245
809,1.0712715
810,1.7414771
811,3.2804708
812,2.1082087
813,0.95873004
814,1.6170679
815,1.0114573
816,2.0935087
817,1.3389001
818,2.1302328
819,1.9419538
820,1.7274097
821,3.830011
822,1.7641355
823,2.5407867
824,3.9254344
825,3.5733807
826,1.7051196
827,1.9445721
828,4.73658
829,1.400281
830,1.6492025
831,3.3010335
832,1.7258229
833,3.0365682
834,2.4899201
835,0.95173395
836,2.0173414
837,1.9634094
838,1.606693
839,1.743968
840,1.7477973
841,1.3291998
842,2.949104
843,2.2327976
844,1.4885476
845,1.5796356
846,2.5930715
847,3.111911
848,2.805378
849,2.3784976
850,1.1147536
851,2.7627337
852,2.011285
853,2.1780715
854,1.968423
855,1.2120512
856,2.0057974
857,1.2848891
858,1.7205911
859,1.5942991
860,3.292085
861,2.6671615
862,1.6561981
863,1.112044
864,3.7325134
865,1.4016764
866,2.3551807
867,0.60650855
868,0.52464473
869,1.6025212
870,1.6360974
871,2.3706782
872,2.6932652
873,3.6390743
874,3.1441364
875,1.9015725
876,1.2666858
877,1.8703481
878,4.9420123
879,1.2614384
880,1.7098671
881,1.7767329
882,4.0516376
883,0.8559274
884,3.471074
885,3.5057888
886,1.5094471
887,1.1915903
888,1.0799248
889,1.6985556
890,2.9788322
891,2.2962992
892,1.7454163
893,0.74364954
894,2.0189438
895,1.371015
896,1.3853117
897,0.5884496
898,1.1391518
899,2.3309147
900,3.2652144
901,4.258488
902,3.1483579
903,3.66392
904,2.7522779
905,4.2253337
906,2.900507
907,1.4112637
908,0.6636837
909,1.6795794
910,0.90384537
911,1.8329585
912,2.450268
913,1.3721648
914,1.6175922
915,1.4415778
916,1.4094096
917,1.4937227
918,2.7997818
919,1.7215297
920,1.5208147
921,1.5181987
922,3.3063726
923,4.6051426
924,1.7154876
925,1.4808974
926,2.3834803
927,1.397396
928,1.1956396
929,1.5097847
930,0.6843968
931,3.7878737
932,2.5471573
933,2.8856843
934,2.678462
935,3.007386
936,2.7692738
937,0.8372042
938,2.8487606
939,1.8023704
940,1.1044477
941,4.551432
942,1.6040591
943,2.4912279
944,1.7084452
945,1.2928368
946,1.3571463
947,1.3296106
948,1.9140273
949,1.820203
950,1.5072507
951,1.5336497
952,0.9979652
953,1.1235987
954,2.1691434
955,1.2317847
956,2.917759
957,1.5092764
958,1.9634662
959,1.5847307
960,1.0311831
961,1.2144063
962,2.011938
963,3.0388117
964,1.2918646
965,0.65388465
966,2.5117903
967,1.7783223
968,3.8958979
969,1.7055712
970,3.792386
971,1.3661753
972,3.6446877
973,0.946571
974,1.0026819
975,2.9105697
976,3.791801
977,2.0535672
978,1.8657593
979,2.3018792
980,2.3804202
981,1.0378641
982,1.7061242
983,1.6100501
984,1.9874548
985,1.0219903
986,0.6536726
987,2.9728866
988,1.5175769
989,2.0313172
990,1.9202626
991,2.7709148
992,1.2869006
993,2.8922384
994,2.3007343
995,0.52405715
996,3.1218367
997,4.0645747
998,1.1685938
999,1.4636434
1000,2.2263584
1001,1.4691385
1002,2.0667393
1003,1.3271791
1004,1.052773
1005,1.555898
1006,1.2415111
1007,0.66097224
1008,3.7618036
1009,0.5425867
1010,1.6936643
1011,3.8764474
1012,1.7313794
1013,2.0773501
1014,2.9638257
1015,1.390862
1016,1.2130992
1017,2.5796218
1018,0.9676324
1019,1.5103248
1020,1.8772378
1021,2.5108411
1022,4.737329
1023,1.9753011
1024,0.6033073
1025,1.9662513
1026,2.2297115
1027,0.803222
1028,0.9338026
1029,2.2321267
1030,2.5325747
1031,2.3751996
1032,1.0808791
1033,2.667388
1034,2.29313
1035,1.3810241
1036,2.3598895
1037,2.8125863
1038,3.1650043
1039,1.9994586
1040,1.3917875
1041,2.753003
1042,1.6032416
1043,2.2920828
1044,2.2097971
1045,0.7759546
1046,2.520376
1047,2.3905296
1048,1.1418924
1049,2.5335002
1050,0.7630927
1051,1.3443596
1052,1.876958
1053,0.4718964
1054,2.4078426
1055,1.3919803
1056,2.320653
1057,1.3899366
1058,1.0145172
1059,2.3373475
1060,1.4311675
1061,1.3573751
1062,1.4285357
1063,2.0604367
1064,0.58131635
1065,0.8091024
1066,3.2607155
1067,1.6156846
1068,0.75675845
1069,1.6062895
1070,4.120139
1071,1.187395
1072,2.569131
1073,2.0096822
1074,0.8743735
1075,1.554521
1076,0.73566836
1077,1.8991878
1078,3.7386336
1079,2.2201042
1080,1.5050435
1081,0.8781274
1082,0.78206116
1083,0.56260407
1084,1.8204703
1085,1.7860204
1086,2.797064
1087,0.5399045
1088,1.52173
1089,2.0272923
1090,2.3779967
1091,1.05647
1092,4.711184
1093,1.43329
1094,1.1473979
1095,3.6260788
1096,2.0465078
1097,2.1658185
1098,2.322591
1099,1.1643916
1100,3.6024146
1101,0.91365284
1102,3.172707
1103,3.446761
1104,3.357199
1105,1.0934627
1106,1.8347791
1107,1.4064378
1108,1.6447281
1109,1.2356839
1110,2.8404248
1111,2.4324453
1112,1.168708
1113,4.199606
1114,2.3992906
1115,1.5363444
1116,0.82659984
1117,1.4325737
1118,1.6798612
1119,1.1439128
1120,1.6951364
1121,1.0983005
1122,1.7829975
1123,0.61249256
1124,1.7060117
1125,1.162579
1126,0.7029432
1127,4.936047
1128,1.2865926
1129,1.2733337
1130,1.2449179
1131,2.4133127
1132,1.8457779
1133,1.9633573
1134,2.050532
1135,1.6602468
1136,2.7110386
1137,1.05508
1138,1.7344984
1139,0.7120418
1140,0.9571842
1141,4.7696304
1142,1.7640642
1143,1.6979258
1144,2.2854326
1145,2.3840642
1146,1.5923148
1147,1.9747915
1148,5.094996
1149,1.236639
1150,1.5289114
1151,3.6087284
1152,0.8034371
1153,0.5590293
1154,2.5254145
1155,3.233513
1156,2.2705684
1157,4.59928
1158,1.4665575
1159,1.8419286
1160,1.6088532
1161,1.034374
1162,2.1725776
1163,1.669285
1164,0.75431913
1165,1.3902217
1166,1.4503675
1167,4.3076043
1168,2.139853
1169,2.491407
1170,1.2127467
1171,1.4564426
1172,1.1781515
1173,4.2909546
1174,2.106002
1175,2.520942
1176,1.8162009
1177,1.5766469
1178,1.9697155
1179,2.412098
1180,1.1204321
1181,1.4897479
1182,3.3177135
1183,5.113564
1184,0.7319749
1185,1.6985128
1186,2.7424011
1187,2.7859528
1188,3.8797934
1189,0.8827889
1190,2.2942777
1191,1.1524332
1192,1.2106827
1193,1.5232743
1194,0.9854387
1195,1.5146548
1196,1.651102
1197,1.8085655
1198,1.8729157
1199,1.470564
1200,2.383964
1201,1.2174845
1202,2.40534
1203,3.4204159
1204,4.20289
1205,2.3435287
1206,1.6065041
1207,3.7860117
1208,2.0418344
1209,0.7795933
1210,2.8201563
1211,3.0612833
1212,2.8579347
1213,2.1629968
1214,3.2225883
1215,2.0345936
1216,2.2501314
1217,1.85878
1218,1.8300742
1219,1.4763389
1220,1.490383
1221,0.6322367
1222,1.7687753
1223,2.1940186
1224,3.1233883
1225,1.103709
1226,0.51152295
1227,0.84103185
1228,3.0448074
1229,0.5075964
1230,2.540216
1231,0.9763255
1232,1.3024055
1233,1.7680336
1234,1.5784925
1235,1.8791085
1236,1.7908947
1237,0.45032567
1238,2.9559295
1239,4.185717
1240,2.4598825
1241,1.6372082
1242,1.7277294
1243,1.508624
1244,1.5973296
1245,2.7195122
1246,1.6788691
1247,1.3534429
1248,2.0292149
1249,2.2359076
1250,2.9515584
1251,2.1900375
1252,3.1807466
1253,1.1582167
1254,1.7935538
1255,0.93245745
1256,2.2036972
1257,1.5173289
1258,1.3583357
1259,2.097714
1260,2.5768042
1261,2.3148947
1262,3.8170836
1263,1.7085352
1264,1.4885157
1265,1.8230447
1266,3.4449735
1267,2.628735
1268,1.5865452
1269,2.8059213
1270,1.2663066
1271,1.4347323
1272,1.8681452
1273,4.1795144
1274,1.6774483
1275,2.0963244
1276,0.95555985
1277,1.2227978
1278,2.2044141
1279,0.919932
1280,1.3187854
1281,2.4489398
1282,1.2689283
1283,0.93627584
1284,1.7684612
1285,1.9937614
1286,1.6414416
1287,4.7523456
1288,0.789202
1289,1.6891532
1290,2.045166
1291,3.4518573
1292,0.8334626
1293,2.0805824
1294,1.2337428
1295,0.6568912
1296,1.6249535
1297,2.1289275
1298,0.65015745
1299,0.7685052
1300,1.6560388
1301,3.5325825
1302,1.5547148
1303,1.9963343
1304,1.2150394
1305,1.2241176
1306,0.92979074
1307,2.7378707
1308,0.90598834
1309,1.2698886
1310,0.7227457
1311,0.8425927
1312,1.9572451
1313,3.8711014
1314,1.9481815
1315,1.2984142
1316,0.89404786
1317,1.2609735
1318,4.0626407
1319,1.3675662
1320,0.7031696
1321,1.9044194
1322,1.5936452
1323,2.7458844
1324,2.5510771
1325,1.6406714
1326,1.298269
1327,1.3030616
1328,1.05374
1329,2.1031306
1330,2.1568227
1331,1.7519226
1332,2.1113844
1333,0.5521819
1334,3.088458
1335,2.1191123
1336,0.93908966
1337,1.5511678
1338,1.5202755
1339,2.2901993
1340,2.6752279
1341,0.48547775
1342,2.9195032
1343,3.0984592
1344,0.7200846
1345,3.874699
1346,0.57329226
1347,1.2789203
1348,2.812621
1349,1.7693112
1350,1.0253646
1351,1.9855839
1352,5.1952257
1353,0.674191
1354,3.1085303
1355,1.1826252
1356,2.1977499
1357,1.4808184
1358,2.06675
1359,2.6414106
1360,3.9159706
1361,1.5763675
1362,2.1858401
1363,1.4588428
1364,1.6537039
1365,2.9727125
1366,2.6316905
1367,2.2470448
1368,2.2323694
1369,1.3394896
1370,3.639588
1371,1.8838334
1372,1.5433024
1373,1.5483131
1374,2.3085077
1375,1.3291205
1376,4.839802
1377,1.1833315
1378,1.2166322
1379,1.4257281
1380,3.157559
1381,1.6274052
1382,1.6393408
1383,5.134566
1384,0.7336267
1385,1.2093416
1386,2.4988308
1387,1.2520369
1388,3.641801
1389,1.999078
1390,1.7616279
1391,3.0704944
1392,0.64742655
1393,5.0913887
1394,2.2676084
1395,2.492868
1396,3.073842
1397,0.512076
1398,1.4409628
1399,1.2185259
1400,3.1631103
1401,5.132836
1402,1.5791385
1403,1.0216151
1404,1.4217288
1405,4.3149433
1406,3.0915565
1407,2.1846304
1408,2.154381
1409,1.7347049
1410,0.9602619
1411,0.95663506
1412,1.2835414
1413,1.4119959
1414,3.8581564
1415,1.1012677
1416,0.76789826
1417,0.6000953
1418,2.3351753
1419,1.5029328
1420,1.6339564
1421,4.617713
1422,3.0071561
1423,1.084474
1424,2.354044
1425,3.077031
1426,1.636189
1427,2.6867194
1428,0.8250849
1429,1.2168635
1430,4.754996
1431,1.712421
1432,2.302921
1433,2.437714
1434,1.9279002
1435,1.4736623
1436,1.1121689
1437,2.7142735
1438,2.77605
1439,4.4555335
1440,2.1955404
1441,2.2115405
1442,2.3822374
1443,2.2567127
1444,1.2462229
1445,1.7986598
1446,2.833789
1447,2.6324828
1448,1.7004646
1449,3.2171388
1450,3.4497294
1451,1.1263225
1452,2.4360874
1453,1.417681
1454,4.932507
1455,2.0818243
1456,3.0840116
1457,1.9533856
1458,1.0591698
1459,2.2364247
1460,3.7618713
1461,1.7673041
1462,2.1168118
1463,1.1798568
1464,5.085172
1465,1.5498765
1466,2.6962357
1467,4.8263574
1468,2.9496408
1469,1.670807
1470,0.56581724
1471,1.8688326
1472,0.97147655
1473,1.4081467
1474,3.9171867
1475,1.1313655
1476,1.1224531
1477,1.7172314
1478,4.0515647
1479,2.8647544
1480,1.5293673
1481,2.004939
1482,2.303878
1483,1.2762321
1484,3.7172515
1485,1.6404363
1486,0.8686905
1487,1.7054852
1488,1.5722597
1489,0.7775483
1490,2.4479098
1491,1.5804107
1492,1.0795228
1493,1.9465346
1494,2.0643091
1495,4.853995
1496,2.416101
1497,2.2040303
1498,2.139581
1499,1.0821103
1500,1.3089442
1501,1.3426036
1502,1.769554
1503,3.6826298
1504,3.3471966
1505,2.0443819
1506,3.0632954
1507,2.905931
1508,2.903319
1509,1.3141688
1510,2.0284848
1511,3.9953918
1512,3.204624
1513,4.4807286
1514,1.4869376
1515,2.6720934
1516,1.920032
1517,4.385893
1518,1.5394882
1519,3.3689265
1520,2.0875812
1521,1.9378104
1522,3.5059094
1523,1.8896974
1524,1.6211089
1525,1.224703
1526,2.1418376
1527,2.972701
1528,2.7771795
1529,1.9370921
1530,3.7518952
1531,2.2203758
1532,0.64616543
1533,1.1567067
1534,1.9303883
1535,3.5055127
1536,2.0745354
1537,3.1080122
1538,1.1314285
1539,1.7385265
1540,1.1844542
1541,1.4974235
1542,1.9890962
1543,0.6725715
1544,1.1405396
1545,1.5506576
1546,0.76581633
1547,2.3352313
1548,1.5447651
1549,0.8930972
1550,1.7034864
1551,2.044358
1552,3.6122518
1553,3.3755877
1554,0.9262129
1555,2.7366736
1556,2.872108
1557,0.6660639
1558,4.3066044
1559,0.8803371
1560,2.0388873
1561,2.878775
1562,1.9489751
1563,1.1128031
1564,1.8003641
1565,1.8795743
1566,1.3974602
1567,2.5977974
1568,2.7491379
1569,3.9957497
1570,2.5907013
1571,2.158519
1572,1.9106911
1573,3.8207884
1574,1.1908034
1575,2.443409
1576,1.6805208
1577,0.57988495
1578,1.2811916
1579,0.83968353
1580,1.0945029
1581,1.6749203
1582,1.7382383
1583,3.931192
1584,1.3437489
1585,0.78771055
1586,1.6462991
1587,1.856191
1588,1.7248625
1589,1.1754119
1590,2.6188073
1591,3.255648
1592,1.0005239
1593,1.14788
1594,1.8277112
1595,1.1308788
1596,0.87171793
1597,0.85391355
1598,1.7047814
1599,0.79055464
1600,2.0476153
1601,3.3108277
1602,1.0760098
1603,1.8474622
1604,2.568194
1605,0.50842166
1606,0.72889787
1607,2.1271434
1608,2.0656676
1609,2.2036114
1610,2.2509623
1611,2.2680538
1612,2.1695483
1613,2.2059493
1614,2.3695805
1615,2.8600545
1616,3.0273848
1617,1.5674598
1618,2.0730896
1619,1.1478126
1620,1.898391
1621,1.7209326
1622,3.3792932
1623,3.2247698
1624,1.0275743
1625,2.317397
1626,0.98020756
1627,1.9525763
1628,2.1944835
1629,1.7718503
1630,1.0451576
1631,1.3956543
1632,2.0928295
1633,2.1319864
1634,1.0357938
1635,0.9309863
1636,1.0157512
1637,2.4734747
1638,4.046563
1639,2.0915663
1640,1.8992139
1641,2.1550174
1642,1.6747684
1643,1.5688645
1644,1.9484574
1645,4.701424
1646,1.3839194
1647,1.3833587
1648,0.83642703
1649,0.8808639
1650,2.4361017
1651,1.4438214
1652,1.3214095
1653,2.1593144
1654,1.6853629
1655,1.5713117
1656,2.9801788
1657,1.436534
1658,1.7892722
1659,2.3713853
1660,3.3603718
1661,1.5970231
1662,1.3780376
1663,1.3334002
1664,2.0996735
1665,1.7630278
1666,1.099557
1667,3.17364
1668,1.7777704
1669,4.745882
1670,1.4714941
1671,3.1947703
1672,2.3987856
1673,3.1354387
1674,4.0639315
1675,0.9795618
1676,1.1590358
1677,2.35758
1678,0.42723712
1679,2.1734662
1680,0.67263776
1681,0.99205714
1682,0.79126894
1683,1.21958
1684,2.8203542
1685,1.0598272
1686,1.7510029
1687,1.6026903
1688,1.8743311
1689,1.0765572
1690,1.7852744
1691,2.4452753
1692,0.8969594
1693,5.100937
1694,1.8660303
1695,1.3123246
1696,2.222511
1697,2.2979949
1698,2.4175978
1699,1.769634
1700,5.351995
1701,0.22342053
1702,1.4114542
1703,4.7957244
1704,2.5219054
1705,2.1169705
1706,1.2445811
1707,2.5328813
1708,2.0510204
1709,2.070436
1710,1.5207641
1711,2.5807164
1712,1.8829362
1713,3.3613398
1714,2.7890542
1715,1.6654414
1716,2.0296297
1717,3.2323503
1718,1.9860457
1719,4.126546
1720,3.080985
1721,1.2675182
1722,1.2466921
1723,4.955103
1724,3.7278275
1725,3.7843232
1726,2.7569897
1727,3.1760569
1728,3.4762304
1729,2.4791338
1730,2.6317158
1731,1.3371795
1732,1.9042374
1733,3.9752212
1734,2.2350814
1735,1.1078963
1736,0.6682015
1737,2.0539298
1738,2.986901
1739,1.7811729
1740,1.3364975
1741,1.1896584
1742,1.4767913
1743,3.3022435
1744,2.0287797
1745,2.9232051
1746,1.8229594
1747,3.7085621
1748,3.051078
1749,1.2247847
1750,2.9057481
1751,0.64198864
1752,1.2477179
1753,0.65122074
1754,1.1646446
1755,1.7654649
1756,3.7466335
1757,4.1831155
1758,2.510974
1759,1.4563003
1760,3.2320075
1761,4.034888
1762,3.1651201
1763,3.6048248
1764,2.6382575
1765,2.0215566
1766,1.256186
1767,1.7558315
1768,0.7960672
1769,3.4080398
1770,1.4629563
1771,2.8906372
1772,2.2752748
1773,1.7146616
1774,3.5383122
1775,2.1337628
1776,1.6506661
1777,1.1104335
1778,3.1719065
1779,1.5724571
1780,2.4105577
1781,2.351628
1782,1.721606
1783,3.3974462
1784,1.1377724
1785,0.8326204
1786,3.2124553
1787,1.6745038
1788,1.6280726
1789,1.9693375
1790,2.714231
1791,0.6450604
1792,1.4860903
1793,3.584822
1794,1.6629655
1795,3.2749345
1796,4.2399516
1797,1.1217166
1798,1.5867568
1799,3.6573336
1800,3.9068263
1801,1.4219162
1802,2.5816414
1803,4.211558
1804,1.1319036
1805,1.0207604
1806,1.2456169
1807,2.7265654
1808,0.52631956
1809,1.7530817
1810,2.070243
1811,1.1439253
1812,1.5119449
1813,3.9432073
1814,1.4540452
1815,0.9136813
1816,2.2794006
1817,1.6131643
1818,0.8674427
1819,2.7184694
1820,0.93232
1821,2.0473218
1822,1.4305204
1823,4.11283
1824,4.5734644
1825,3.9715996
1826,0.37615287
1827,2.1255698
1828,1.4224858
1829,0.97301966
1830,4.249577
1831,1.5698789
1832,1.7485943
1833,1.0079904
1834,1.9028758
1835,1.1844879
1836,1.002727
1837,2.4172835
1838,0.9884798
1839,4.761149
1840,1.5671958
1841,1.5211142
1842,1.8828754
1843,1.3170034
1844,1.9398791
1845,2.1011593
1846,1.4619871
1847,2.7753751
1848,2.6101182
1849,2.1614492
1850,2.682721
1851,2.4598594
1852,1.3390136
1853,1.818125
1854,2.4936252
1855,2.3101642
1856,1.6932139
1857,1.8317349
1858,2.8117437
1859,2.5326169
1860,1.3436881
1861,2.8195276
1862,2.0083704
1863,1.6867071
1864,1.4647428
1865,0.85558
1866,2.3578215
1867,1.8943435
1868,2.1556964
1869,1.4487026
1870,1.1956851
1871,2.1173813
1872,2.2236626
1873,0.9427147
1874,2.4807894
1875,1.9171779
1876,2.584197
1877,1.5096186
1878,1.831874
1879,1.8264784
1880,1.4094566
1881,3.1053693
1882,3.5919163
1883,1.741767
1884,1.6026616
1885,2.926403
1886,1.6395116
1887,1.9507512
1888,4.0272794
1889,3.2686677
1890,1.2263875
1891,4.101239
1892,4.5884414
1893,1.3986838
1894,0.76422316
1895,0.65053755
1896,4.472777
1897,0.6571692
1898,2.3733232
1899,1.2276647
1900,3.0641181
1901,1.4653307
1902,1.7422976
1903,1.4888356
1904,1.4546229
1905,0.5515249
1906,3.6700597
1907,0.80117977
1908,2.9197462
1909,1.9464147
1910,1.5943419
1911,2.7087464
1912,1.4643644
1913,1.4632796
1914,3.3332307
1915,1.3530161
1916,0.79021364
1917,2.4234848
1918,1.6441506
1919,1.667657
1920,0.7597113
1921,2.4565597
1922,3.12789
1923,2.2928379
1924,3.7751937
1925,0.37806475
1926,1.6134689
1927,3.200767
1928,1.9569877
1929,2.0466995
1930,1.4872564
1931,2.9684613
1932,2.3822157
1933,1.8253291
1934,3.0048566
1935,1.2387673
1936,1.8588839
1937,2.5371199
1938,2.4504929
1939,1.6416823
1940,1.2595611
1941,3.1682084
1942,3.1186938
1943,1.334299
1944,0.9404492
1945,3.1927083
1946,1.7760136
1947,3.2325974
1948,1.5090727
1949,1.3810343
1950,3.3454847
1951,2.3148835
1952,4.24971
1953,1.8007506
1954,1.7046854
1955,1.3116188
1956,1.8771417
1957,1.0884484
1958,1.2190169
1959,3.473008
1960,0.78020597
1961,4.6972666
1962,2.6034725
1963,1.7479554
1964,1.5551198
1965,2.673641
1966,0.8178476
1967,1.943918
1968,0.97367275
1969,2.8279898
1970,2.5300088
1971,2.6985714
1972,1.3902022
1973,0.751647
1974,3.0961688
1975,1.704421
1976,2.4282875
1977,1.0056162
1978,0.7099831
1979,1.7982055
1980,1.5759679
1981,4.434248
1982,1.4415498
1983,5.1147265
1984,1.918047
1985,1.2938112
1986,3.7470999
1987,1.6984115
1988,1.7721517
1989,1.4465343
1990,0.977092
1991,1.3475254
1992,3.1506221
1993,3.2540796
1994,1.3230501
1995,0.78351223
1996,3.0150115
1997,2.6409037
1998,2.28543
1999,2.531461
2000,2.9189868
2001,1.4610374
2002,1.6677436
2003,1.5102428
2004,1.7777363
2005,4.691489
2006,2.5188794
2007,1.2966462
2008,2.7919848
2009,1.5878919
2010,2.1937099
2011,1.5196964
2012,0.9626946
2013,2.1175187
2014,2.5859563
2015,1.7891681
2016,2.330583
2017,2.810571
2018,3.0605748
2019,4.2661276
2020,1.1177621
2021,1.2915142
2022,0.9780765
2023,2.3973227
2024,0.3882566
2025,4.7718024
2026,2.3271737
2027,4.325088
2028,2.2999835
2029,2.3046968
2030,2.929056
2031,0.74153304
2032,1.3076807
2033,5.0128193
2034,2.218119
2035,3.1405103
2036,1.4538267
2037,2.9134793
2038,0.89694655
2039,1.6553649
2040,2.9644458
2041,1.7365963
2042,3.8148072
2043,2.6404805
2044,1.3862098
2045,3.6783595
2046,1.406664
2047,1.7784988
2048,0.9705134
2049,2.584261
2050,2.8314385
2051,1.3690339
2052,3.1166396
2053,1.2341627
2054,2.947431
2055,2.8831315
2056,1.141772
2057,1.8303292
2058,1.8478774
2059,0.8054786
2060,1.1358958
2061,1.4819511
2062,4.070837
2063,1.6019621
2064,2.85735
2065,2.6961668
2066,3.647541
2067,1.5759163
2068,1.5204896
2069,1.5411683
2070,1.2740673
2071,2.0729232
2072,2.0563455
2073,3.320712
2074,1.7074268
2075,3.7322783
2076,1.7085685
2077,2.78258
2078,2.711692
2079,4.3532076
2080,3.8858116
2081,2.9903982
2082,1.7834976
2083,0.82466793
2084,1.0259621
2085,4.3038955
2086,1.9085844
2087,1.4879048
2088,1.3185464
2089,1.8317987
2090,4.8764014
2091,4.5595417
2092,2.2858424
2093,1.6100112
2094,2.3372443
2095,1.982311
2096,1.2223574
2097,3.2610729
2098,1.6378202
2099,1.3179634
2100,2.2800884
2101,1.075225
2102,1.7955482
2103,2.443901
2104,2.0936189
2105,1.2245933
2106,3.5933313
2107,2.2790735
2108,1.9093252
2109,3.3425963
2110,1.241293
2111,0.9798999
2112,4.8275456
2113,1.1668309
2114,1.1966294
2115,1.2231239
2116,1.6862646
2117,2.3835332
2118,2.420189
2119,1.3851093
2120,0.8997594
2121,2.6544905
2122,0.5735675
2123,3.7621267
2124,1.3508314
2125,1.1945984
2126,2.609878
2127,1.9948809
2128,2.008071
2129,1.9814754
2130,1.9971758
2131,3.688785
2132,3.5445342
2133,1.4381732
2134,2.0603478
2135,1.8486298
2136,1.5105577
2137,1.9443206
2138,1.5237652
2139,2.5345817
2140,2.0403361
2141,2.0405517
2142,0.7128519
2143,1.6549649
2144,2.7606933
2145,2.5039175
2146,2.3471212
2147,1.774356
2148,2.8198946
2149,1.5722519
2150,1.9938451
2151,1.2587075
2152,4.6514277
2153,1.5618197
2154,1.3319992
2155,0.88822085
2156,0.71707296
2157,3.2272627
2158,1.3636497
2159,2.4481819
2160,2.3290427
2161,1.3795742
2162,0.46517742
2163,3.3942282
2164,2.3733165
2165,1.2928909
2166,0.87284005
2167,1.6261253
2168,4.7920346
2169,1.7980416
2170,2.7167568
2171,1.3614542
2172,1.8596141
2173,2.5021951
2174,3.8402295
2175,0.8271611
2176,0.76518345
2177,3.124423
2178,2.136978
2179,1.7398722
2180,1.7666823
2181,1.4888607
2182,1.5853772
2183,3.439783
2184,1.7923058
2185,4.354353
2186,1.2955928
2187,4.1133227
2188,1.5106997
2189,3.6810052
2190,1.6689357
2191,0.5774556
2192,1.9970723
2193,2.1924753
2194,1.4476247
2195,2.6331635
2196,2.0847726
2197,3.649103
2198,3.2381926
2199,2.2942994
2200,1.3221571
2201,1.1582686
2202,1.9435867
2203,2.2777016
2204,1.2291094
2205,2.4947624
2206,1.6320864
2207,1.3829118
2208,1.5413057
2209,4.159871
2210,4.229792
2211,3.298677
2212,4.5241647
2213,1.4939485
2214,2.1489174
2215,0.58247167
2216,3.484239
2217,0.44913024
2218,2.55572
2219,2.441151
2220,3.0296316
2221,0.51837695
2222,1.395765
2223,2.841512
2224,1.2134665
2225,0.6322402
2226,0.9318651
2227,1.5569733
2228,2.0781472
2229,3.2191641
2230,1.2382917
2231,3.2497194
2232,2.1662395
2233,1.0464776
2234,1.7369583
2235,2.4386117
2236,1.829151
2237,1.3256162
2238,2.0346184
2239,0.6292443
2240,2.8256602
2241,2.0726502
2242,2.3379831
2243,1.7405626
2244,2.3904753
2245,1.0038663
2246,4.274845
2247,1.2134145
2248,4.134286
2249,2.516264
2250,1.677362
2251,2.6355836
2252,2.9694157
2253,2.415523
2254,0.6694227
2255,2.3535018
2256,1.7678746
2257,0.8592628
2258,2.1149576
2259,1.2114533
2260,1.0428935
2261,1.9640633
2262,0.98717946
2263,2.870209
2264,1.792478
2265,1.7546334
2266,2.785277
2267,1.4189011
2268,2.5736856
2269,1.8182938
2270,0.8959424
2271,1.7508224
2272,1.646152
2273,1.4944658
2274,1.5840279
2275,4.1093903
2276,3.0719197
2277,1.1536794
2278,3.5621943
2279,1.5124418
2280,1.4122424
2281,1.4575233
2282,1.298117
2283,1.1607116
2284,3.253036
2285,1.4078715
2286,1.9136451
2287,3.674261
2288,0.56020516
2289,2.9910934
2290,1.288661
2291,2.6459308
2292,2.7097147
2293,0.75861746
2294,0.9382084
2295,0.935331
2296,1.619874
2297,1.2345437
2298,2.7122161
2299,1.580926
2300,1.5808796
2301,3.9605017
2302,1.2988255
2303,2.4609995
2304,1.3679751
2305,1.9803858
2306,1.1539851
2307,1.2947457
2308,1.8208518
2309,3.5678263
2310,1.803686
2311,3.203399
2312,0.9676411
2313,2.8076472
2314,0.5458923
2315,1.2809167
2316,1.3831286
2317,2.2200017
2318,1.0626888
2319,1.9095771
2320,1.1226931
2321,1.4991282
2322,2.2721472
2323,2.1596785
2324,2.1995695
2325,1.8235666
2326,1.7483845
2327,0.99827826
2328,4.625646
2329,3.0949068
2330,2.8195195
2331,2.2165685
2332,4.8976307
2333,1.9451874
2334,0.51281285
2335,1.6767961
2336,0.67395055
2337,1.017823
2338,2.0941198
2339,1.525135
2340,1.2512836
2341,1.3406845
2342,2.486996
2343,1.6571822
2344,0.6934291
2345,4.4860563
2346,1.0441362
2347,1.798899
2348,2.3237398
2349,2.74349
2350,1.0400512
2351,2.4388702
2352,2.746026
2353,1.7369792
2354,1.0840117
2355,2.5096054
2356,2.9489677
2357,1.1545423
2358,2.5481627
2359,0.990387
2360,1.855618
2361,3.4166484
2362,1.9537123
2363,2.4362812
2364,2.1809921
2365,1.5330439
2366,2.302821
2367,2.331275
2368,3.9205937
2369,1.1201241
2370,1.7528765
2371,2.1628664
2372,1.364793
2373,1.9778665
2374,1.1570165
2375,2.7626877
2376,1.3148024
2377,3.2058415
2378,1.2632986
2379,1.5251375
2380,1.5748285
2381,4.6886263
2382,1.6775366
2383,1.6148
2384,2.1423872
2385,0.5995857
2386,3.846562
2387,2.3474183
2388,1.3351486
2389,2.5347817
2390,3.4767084
2391,1.3475881
2392,1.627867
2393,1.2657735
2394,2.2451992
2395,1.5511321
2396,2.656476
2397,0.8179837
2398,1.4787782
2399,1.6119298
2400,0.74995935
2401,2.506281
2402,1.7648066
2403,0.884089
2404,3.1292398
2405,1.6252991
2406,1.9436866
2407,3.0574098
2408,1.5839143
2409,0.6525735
2410,1.1838171
2411,3.9547036
2412,1.3885216
2413,2.6644955
2414,2.895285
2415,2.065289
2416,3.7310698
2417,1.0669823
2418,1.601489
2419,3.038496
2420,1.2184517
2421,1.0683762
2422,2.5433705
2423,1.6810714
2424,0.8773692
2425,1.0597535
2426,2.510823
2427,2.1034153
2428,3.899542
2429,2.714927
2430,4.9326835
2431,2.3836155
2432,2.0911071
2433,2.3611093
2434,5.072218
2435,3.5529878
2436,1.9375621
2437,1.3151459
2438,1.0861315
2439,2.1310892
2440,3.3376443
2441,1.1093118
2442,1.03
2443,1.5370755
2444,1.2105663
2445,2.9551766
2446,1.6191534
2447,3.3271236
2448,3.381691
2449,2.314099
2450,1.2274467
2451,0.9274035
2452,2.5314763
2453,1.4085841
2454,2.0077162
2455,0.9070027
2456,1.3568946
2457,1.1796769
2458,4.035469
2459,2.0573378
2460,2.7791874
2461,1.9437407
2462,2.8960013
2463,1.3241059
2464,3.2989163
2465,1.47957
2466,2.6696203
2467,0.7969127
2468,0.85618305
2469,2.1849878
2470,3.9935236
2471,3.1262062
2472,4.159761
2473,1.3928425
2474,2.4840338
2475,1.0891242
2476,3.3519905
2477,1.3996314
2478,1.2452198
2479,3.5037708
2480,2.00002
2481,1.233366
2482,2.0967448
2483,3.6626947
2484,1.2590551
2485,4.0395737
2486,1.7113274
2487,1.7446487
2488,1.705098
2489,1.2398514
2490,2.0326567
2491,1.555004
2492,2.2472167
2493,2.744426
2494,2.233365
2495,3.0968666
2496,1.987854
2497,2.6592846
2498,4.4182463
2499,3.8437645
2500,2.3336124
2501,2.30823
2502,1.749505
2503,1.7128111
2504,2.4244823
2505,2.2819545
2506,2.9783506
2507,0.500899
2508,2.9867537
2509,0.906399
2510,1.3512267
2511,1.9568805
2512,1.78046
2513,1.9130031
2514,2.9420722
2515,3.5654573
2516,1.5436954
2517,1.3169032
2518,1.3374771
2519,1.2697573
2520,0.6956693
2521,1.8842634
2522,2.9685845
2523,0.8188425
2524,1.8777105
2525,1.3403149
2526,2.9959772
2527,1.0741686
2528,0.71715903
2529,0.81949353
2530,0.6970695
2531,3.0259545
2532,1.9123614
2533,2.0964825
2534,2.5986986
2535,2.3294644
2536,2.593083
2537,1.5791214
2538,1.4876915
2539,2.3531346
2540,0.975247
2541,1.7293026
2542,2.0236123
2543,1.8930056
2544,1.620471
2545,1.3791997
2546,3.6147454
2547,1.7418555
2548,2.3504665
2549,0.60953945
2550,2.3564909
2551,1.2770127
2552,0.8398366
2553,1.9905225
2554,2.3600683
2555,2.0229673
2556,3.3592181
2557,1.5349929
2558,1.5477167
2559,0.5327487
2560,1.9326147
2561,1.3052307
2562,0.38435572
2563,1.4754761
2564,2.0675097
2565,0.8728447
2566,1.9827346
2567,1.6918479
2568,2.0219576
2569,2.1101654
2570,0.68313354
2571,1.9899683
2572,1.1575189
2573,0.86252415
2574,1.7471975
2575,1.1460408
2576,4.5248575
2577,1.5668175
2578,1.066315
2579,1.9598693
2580,3.043939
2581,1.2552439
2582,3.7065446
2583,1.8442671
2584,1.8236705
2585,2.839951
2586,2.3451498
2587,1.3127308
2588,3.013779
2589,1.4776838
2590,0.5470574
2591,1.2563895
2592,1.4683814
2593,0.5227566
2594,2.9172678
2595,2.3276677
2596,0.89266765
2597,1.4968807
2598,3.4340346
2599,1.0194588
2600,2.4603102
2601,1.6362946
2602,2.1604257
2603,3.1905355
2604,2.4996057
2605,2.7386644
2606,1.4083099
2607,1.4904488
2608,0.777601
2609,3.5631897
2610,2.9738665
2611,2.2462955
2612,3.0338829
2613,1.7616895
2614,3.426498
2615,1.2776501
2616,0.63574314
2617,0.5668769
2618,1.576157
2619,4.1210227
2620,2.3692482
2621,3.4226604
2622,3.3527358
2623,3.5446084
2624,3.5605059
2625,5.350897
2626,1.3221596
2627,2.4237747
2628,2.1803179
2629,2.5132618
2630,2.2574859
2631,4.166403
2632,0.67532104
2633,2.2972496
2634,1.5629337
2635,3.4967706
2636,1.9975421
2637,2.276932
2638,1.4664217
2639,2.1830435
2640,1.0083249
2641,2.9354413
2642,1.4841979
2643,1.3176076
2644,2.438819
2645,1.856096
2646,3.6856868
2647,2.4908757
2648,2.5346973
2649,1.2659962
2650,2.1709065
2651,0.4633546
2652,2.7480478
2653,1.6427267
2654,2.9728427
2655,5.072358
2656,1.3675714
2657,2.3095121
2658,1.9822232
2659,2.4477797
2660,1.7637054
2661,4.668928
2662,2.8750076
2663,1.0779012
2664,2.0992012
2665,1.817131
2666,2.2718494
2667,0.86260855
2668,1.477271
2669,0.6851876
2670,3.6231325
2671,4.0291295
2672,2.4250445
2673,2.956875
2674,1.8572875
2675,2.2426271
2676,1.7352892
2677,1.4130535
2678,1.3286393
2679,2.095366
2680,2.9253929
2681,0.9310653
2682,1.6967245
2683,2.0044534
2684,1.8144535
2685,2.785405
2686,1.6625344
2687,2.9627802
2688,3.1096668
2689,1.9242046
2690,0.8063867
2691,1.6750027
2692,1.6893866
2693,3.3955233
2694,2.3982737
2695,1.6469153
2696,1.2407928
2697,1.1352171
2698,0.41485053
2699,1.850792
2700,2.6369352
2701,0.90886337
2702,4.391853
2703,1.3522063
2704,1.1961572
2705,2.1862664
2706,1.4477267
2707,3.5063572
2708,1.6655097
2709,1.201021
2710,2.1626453
2711,1.6519748
2712,1.551529
2713,1.3843123
2714,1.4046088
2715,1.7029068
2716,3.5017917
2717,1.0837336
2718,2.0171738
2719,2.539123
2720,0.67868
2721,3.808079
2722,1.3417777
2723,1.4502851
2724,2.0095923
2725,3.839311
2726,2.2964458
2727,0.9565742
2728,2.2084055
2729,3.7443385
2730,3.9952037
2731,4.1805034
2732,3.0407772
2733,1.6529032
2734,2.1468291
2735,0.9614483
2736,1.7777153
2737,1.5825787
2738,0.9928206
2739,1.4745415
2740,3.4510715
2741,0.59673595
2742,1.5902119
2743,1.6532954
2744,3.5445898
2745,1.0630796
2746,2.797669
2747,3.2403448
2748,1.7167876
2749,2.0744557
2750,1.6650919
2751,2.5459611
2752,2.087331
2753,1.4664702
2754,3.677192
2755,1.8322624
2756,2.4348907
2757,1.3808615
2758,1.7007325
2759,0.7398348
2760,3.1215997
2761,1.5613855
2762,1.7874392
2763,0.98326623
2764,1.2700176
2765,2.5592668
2766,1.920958
2767,2.7899203
2768,1.2324767
2769,1.4280518
2770,1.707707
2771,0.9224066
2772,1.9821173
2773,1.5857644
2774,2.14745
2775,2.642433
2776,1.9540817
2777,1.1103681
2778,2.0615993
2779,1.4148896
2780,1.4777691
2781,1.561407
2782,2.927656
2783,1.1599549
2784,1.1288706
2785,2.8182526
2786,0.91002834
2787,1.9547371
2788,1.6781794
2789,1.4938375
2790,3.4179983
2791,2.0600634
2792,0.8191325
2793,1.4755895
2794,1.3291426
2795,0.65261865
2796,1.6794405
2797,2.1971161
2798,1.8182764
2799,1.9206713
2800,0.8944618
2801,2.1562212
2802,1.3311919
2803,1.1890696
2804,2.3367097
2805,1.8118426
2806,1.13595
2807,3.7400906
2808,1.4296587
2809,2.461609
2810,1.0228617
2811,1.1540358
2812,0.88104236
2813,2.0087383
2814,1.1504864
2815,1.580431
2816,1.2770628
2817,1.5766393
2818,1.4652323
2819,0.99356943
2820,2.7805767
2821,2.6801612
2822,2.8068285
2823,3.206725
2824,1.004813
2825,1.4240996
2826,2.534067
2827,3.4497857
2828,2.2485955
2829,3.946742
2830,1.4435854
2831,0.62811744
2832,2.6522214
2833,3.2892432
2834,4.7002068
2835,4.4851694
2836,1.2625414
2837,1.0557344
2838,3.460741
2839,1.6879345
2840,2.9970827
2841,3.369911
2842,1.4479378
2843,0.92127365
2844,4.8276634
2845,4.5639634
2846,1.5406592
2847,3.7842422
2848,0.99785084
2849,1.0015237
2850,1.7786314
2851,2.9016287
2852,2.393332
2853,2.064408
2854,1.8063731
2855,2.4603624
2856,2.2904053
2857,2.3566968
2858,1.8573792
2859,1.6468424
2860,4.3125715
2861,1.3129939
2862,1.8322984
2863,1.5536518
2864,1.9670337
2865,1.3584956
2866,1.1328115
2867,1.7135423
2868,1.268677
2869,1.6178617
2870,0.6723239
2871,2.3742747
2872,3.166404
2873,4.575063
2874,0.9768461
2875,2.0854375
2876,2.2301402
2877,3.4260914
2878,3.5388582
2879,1.8404654
2880,0.8384657
2881,2.2790284
2882,1.4631053
2883,2.1959429
2884,2.7482822
2885,1.8377281
2886,0.87912416
2887,2.0442157
2888,1.9374834
2889,2.2841868
2890,1.789745
2891,1.7964913
2892,1.8514358
2893,2.871973
2894,2.003885
2895,2.8597608
2896,1.7530822
2897,1.3425059
2898,1.552779
2899,3.6636882
2900,3.0977032
2901,0.8852886
2902,2.8957322
2903,4.5571394
2904,3.8975224
2905,1.5842865
2906,1.3109704
2907,2.9280365
2908,4.7122974
2909,2.2275834
2910,1.814406
2911,0.96508515
2912,2.3249943
2913,1.1899962
2914,2.4032018
2915,0.99681556
2916,2.3711264
2917,1.5183829
2918,1.3766457
2919,2.4399796
2920,1.1516234
2921,3.0774074
2922,2.2925203
2923,0.8669889
2924,1.675309
2925,1.8630463
2926,0.5434781
2927,1.4654232
2928,2.0747721
2929,3.4159842
2930,0.6801488
2931,2.4993947
2932,1.9953414
2933,1.4667077
2934,2.280905
2935,1.812453
2936,1.3039738
2937,1.6031626
2938,2.3912537
2939,2.8830624
2940,2.5992594
2941,1.3736703
2942,0.45466322
2943,1.5868099
2944,3.0813425
2945,1.6213522
2946,2.266019
2947,0.57999
2948,0.63760376
2949,2.1391335
2950,2.50902
2951,3.177115
2952,1.707539
2953,1.4079877
2954,2.8847346
2955,0.87391424
2956,1.481924
2957,0.9797026
2958,2.0180001
2959,0.7063021
2960,2.3204434
2961,2.533743
2962,1.7051212
2963,1.2862855
2964,2.1586456
2965,4.9888554
2966,3.1842706
2967,4.0931673
2968,1.0064896
2969,1.3783038
2970,1.2511965
2971,1.3437076
2972,1.4450063
2973,2.7088625
2974,2.118329
2975,0.9532501
2976,2.9299407
2977,1.8733913
2978,4.208447
2979,1.5385392
2980,2.111768
2981,1.4237808
2982,1.8748449
2983,1.7467196
2984,0.8051826
2985,2.6927083
2986,1.5516287
2987,1.5605879
2988,2.122426
2989,1.2110292
2990,2.4337287
2991,0.72969437
2992,1.2882482
2993,0.7539991
2994,2.9473772
2995,1.6131986
2996,2.1199217
2997,1.3309021
2998,2.17587
2999,2.302226
3000,1.4525466
3001,3.365674
3002,1.2766726
3003,1.4219006
3004,0.7062205
3005,2.8401446
3006,2.046973
3007,2.5517592
3008,1.8863274
3009,2.114089
3010,2.2374268
3011,0.99036586
3012,2.8144627
3013,4.2111616
3014,1.5363108
3015,1.9495535
3016,2.328136
3017,0.92683303
3018,1.3575114
3019,1.6094232
3020,2.2821264
3021,3.3856025
3022,0.9382613
3023,1.1656833
3024,2.8082275
3025,5.269818
3026,1.5732186
3027,2.2501323
3028,2.4556398
3029,1.785961
3030,4.0700517
3031,3.4566786
3032,5.1711397
3033,1.0977573
3034,1.9477575
3035,1.976209
3036,3.3692148
3037,1.753073
3038,1.7760657
3039,1.9950635
3040,2.0207415
3041,1.8559206
3042,2.9243627
3043,3.2034528
3044,1.6345986
3045,2.694139
3046,0.55155206
3047,5.002392
3048,1.1356784
3049,1.203247
3050,1.592618
3051,1.6620942
3052,1.3075483
3053,1.3049253
3054,2.6942601
3055,1.3691045
3056,4.8149495
3057,1.3264784
3058,3.8983607
3059,2.8441732
3060,3.3229957
3061,2.5201828
3062,1.4277365
3063,1.6894186
3064,1.0186509
3065,2.6273146
3066,2.142793
3067,1.8044726
3068,1.516387
3069,3.5617146
3070,2.1231222
3071,1.0530989
3072,4.138863
3073,1.0622345
3074,3.0484376
3075,0.93154365
3076,4.645367
3077,1.2267889
3078,1.5414733
3079,2.109069
3080,2.723691
3081,1.181403
3082,4.8989973
3083,3.8539743
3084,2.2281756
3085,3.434179
3086,0.46030092
3087,1.6737423
3088,1.7489651
3089,4.618045
3090,1.8412751
3091,3.1734529
3092,0.44801855
3093,2.650053
3094,0.66341835
3095,1.3301647
3096,2.43156
3097,2.0820558
3098,1.6908324
3099,2.6504116
3100,2.5102499
3101,0.40208948
3102,1.6987118
3103,2.9773002
3104,0.5594968
3105,1.8658667
3106,0.979733
3107,0.7085201
3108,2.6953928
3109,1.6156677
3110,1.2419116
3111,2.6030772
3112,1.7841283
3113,3.0939782
3114,2.2571003
3115,1.1198212
3116,0.50820506
3117,3.874217
3118,0.97274876
3119,2.5462615
3120,1.3610406
3121,1.1068913
3122,1.4341117
3123,2.991752
3124,2.2155359
3125,0.98108953
3126,1.2532247
3127,1.8113972
3128,2.513519
3129,1.8483151
3130,1.1133145
3131,3.1306782
3132,2.2514734
3133,3.160257
3134,1.3351262
3135,3.849358
3136,2.8243682
3137,1.6471044
3138,0.7838907
3139,2.3321483
3140,0.9207846
3141,0.50831115
3142,2.013961
3143,1.0356122
3144,2.7429538
3145,2.3797383
3146,1.3248512
3147,2.3001156
3148,0.92720646
3149,2.9039216
3150,1.5448809
3151,2.8272784
3152,0.87257093
3153,0.9044074
3154,1.5411388
3155,1.3966322
3156,2.2838495
3157,1.1143624
3158,1.3128288
3159,1.9959832
3160,2.3261127
3161,2.607646
3162,2.1741545
3163,3.0539246
3164,2.6006372
3165,1.5218881
3166,2.0330174
3167,1.3501548
3168,1.5239507
3169,1.9366537
3170,2.4800205
3171,2.2157009
3172,0.7718172
3173,1.9336054
3174,1.1393905
3175,2.640226
3176,0.53395885
3177,0.993181
3178,1.7964002
3179,1.190328
3180,1.0671226
3181,1.632427
3182,1.410038
3183,3.2639935
3184,1.1090432
3185,4.0316014
3186,1.8640519
3187,2.7230241
3188,2.0385866
3189,1.1007051
3190,1.9999168
3191,2.6396425
3192,3.1576595
3193,1.0692757
3194,3.955817
3195,1.1462693
3196,1.4763739
3197,1.8289293
3198,3.521649
3199,0.62705034
3200,0.6794139
3201,3.1006804
3202,0.6215839
3203,2.6685996
3204,1.827271
3205,2.6377952
3206,0.7560055
3207,2.123232
3208,2.1805255
3209,2.65116
3210,2.4449031
3211,1.9560604
3212,1.751796
3213,1.0315332
3214,1.0076439
3215,3.128307
3216,1.5554769
3217,1.5036463
3218,1.1630214
3219,3.269674
3220,1.4051894
3221,2.3518186
3222,3.488888
3223,3.1001325
3224,1.1476417
3225,1.4688627
3226,4.2700176
3227,1.6858611
3228,1.9997798
3229,1.0623155
3230,1.5937644
3231,2.6728196
3232,4.9539948
3233,2.1382363
3234,2.0049052
3235,1.0810214
3236,2.1446736
3237,1.177903
3238,2.175325
3239,1.6310505
3240,0.9884652
3241,3.7126832
3242,1.4609973
3243,2.6020002
3244,3.157382
3245,1.3215386
3246,0.99106896
3247,0.94088614
3248,2.1479676
3249,1.3821386
3250,1.833643
3251,1.6621923
3252,1.1995068
3253,1.9738754
3254,1.5503801
3255,2.3810074
3256,1.8606594
3257,1.7002808
3258,0.931685
3259,1.3088667
3260,1.9243737
3261,0.646358
3262,3.2456279
3263,1.6794327
3264,3.601189
3265,2.4714174
3266,2.7979045
3267,3.1309903
3268,3.4129977
3269,1.9662502
3270,3.6482193
3271,2.1983774
3272,1.8124683
3273,0.7886275
3274,1.0686344
3275,1.8165759
3276,0.7541932
3277,1.1536316
3278,3.511954
3279,1.5539786
3280,1.288786
3281,1.2910441
3282,1.5941473
3283,1.8450387
3284,1.5979836
3285,1.9684428
3286,4.7209024
3287,2.722538
3288,0.65660584
3289,1.2958407
3290,1.5816327
3291,1.869358
3292,4.38327
3293,2.4817011
3294,3.8506866
3295,2.4728444
3296,4.881858
3297,1.8472294
3298,1.8299788
3299,1.8452624
3300,0.5364149
3301,1.9423801
3302,2.2556827
3303,0.8333755
3304,2.7076392
3305,1.1207278
3306,2.2526674
3307,1.049165
3308,2.6212306
3309,1.7747207
3310,1.9774741
3311,1.6690724
3312,1.627463
3313,1.6543446
3314,3.3197463
3315,4.1603584
3316,3.1077979
3317,2.5991786
3318,2.2889018
3319,2.932608
3320,0.7835455
3321,1.5870388
3322,1.4998873
3323,1.1168733
3324,1.1297623
3325,0.74249977
3326,1.8845457
3327,3.5328333
3328,1.9467108
3329,2.4892292
3330,3.5171955
3331,3.8011146
3332,2.7651258
3333,1.7517962
3334,2.617993
3335,3.9300575
3336,2.020948
3337,1.9409144
3338,0.6301824
3339,2.7655075
3340,2.7416065
3341,2.9126494
3342,1.0060213
3343,3.0400932
3344,2.0488024
3345,1.436997
3346,1.9647253
3347,1.7090855
3348,1.942783
3349,1.1756068
3350,1.176469
3351,1.4969842
3352,2.0142796
3353,2.4837244
3354,2.4908674
3355,1.538812
3356,1.602335
3357,5.22437
3358,1.8496406
3359,2.6938412
3360,2.830339
3361,1.803005
3362,3.2156029
3363,3.1428409
3364,0.75717217
3365,0.5857946
3366,2.6345172
3367,2.0170956
3368,2.437059
3369,0.5586799
3370,3.7662582
3371,0.85030353
3372,1.7036039
3373,0.94722384
3374,2.2115297
3375,4.4305973
3376,1.032674
3377,1.0114872
3378,1.7741005
3379,2.6315176
3380,2.7006333
3381,1.3143834
3382,1.4324492
3383,3.195207
3384,2.6638675
3385,2.7345676
3386,1.901646
3387,0.7327845
3388,1.9595622
3389,1.6914052
3390,2.980646
3391,0.78230906
3392,0.7512802
3393,0.80511814
3394,4.583767
3395,3.2095416
3396,2.05071
3397,1.0752409
3398,1.1672511
3399,2.3116355
3400,1.4133103
3401,2.9282312
3402,1.7481866
3403,1.1957884
3404,3.6351175
3405,2.1531448
3406,1.6703641
3407,4.9392314
3408,1.1613468
3409,3.030431
3410,1.6882035
3411,1.0491401
3412,1.6681317
3413,1.8595476
3414,2.4202366
3415,5.178198
3416,2.2761667
3417,4.042564
3418,2.346927
3419,2.4281118
3420,2.6810663
3421,0.67727864
3422,0.7196556
3423,1.96789
3424,0.6940556
3425,0.667412
3426,4.8489914
3427,3.8060973
3428,0.5406825
3429,1.5626835
3430,2.4691193
3431,1.5702326
3432,3.256393
3433,1.7527673
3434,3.0513668
3435,0.75691247
3436,0.9336498
3437,1.8538011
3438,1.4285375
3439,0.6351438
3440,1.5067747
3441,4.469925
3442,0.82379997
3443,0.80850154
3444,1.1880547
3445,1.3318487
3446,1.4284673
3447,1.0997031
3448,0.79878664
3449,3.3135889
3450,2.8037162
3451,2.0920632
3452,2.6466103
3453,4.261476
3454,1.2376958
3455,2.8551455
3456,1.3860999
3457,1.6365664
3458,1.9531143
3459,1.0495199
3460,2.2711282
3461,1.5569731
3462,2.0950902
3463,1.1335918
3464,0.73108125
3465,1.3973573
3466,1.4583923
3467,1.5629488
3468,4.059029
3469,1.533977
3470,1.54419
3471,1.1169708
3472,1.6023709
3473,2.4264393
3474,1.148148
3475,1.4842463
3476,0.8661838
3477,0.73743546
3478,1.2853273
3479,0.6388367
3480,1.3273435
3481,1.7946926
3482,1.9760267
3483,1.6738725
3484,1.3020587
3485,1.232734
3486,0.7041272
3487,4.331466
3488,2.214762
3489,3.0093596
3490,2.1329434
3491,0.5629552
3492,2.588657
3493,1.652745
3494,1.6158581
3495,1.4503394
3496,2.3300588
3497,1.5045581
3498,1.8304148
3499,1.4052558
3500,3.693893
3501,2.8354473
3502,2.0101352
3503,1.0979904
3504,2.4820356
3505,2.5999017
3506,0.98646206
3507,2.0218089
3508,1.7196488
3509,4.7164335
3510,1.5555042
3511,1.7161558
3512,0.9970337
3513,1.6603558
3514,1.8207846
3515,2.6670458
3516,1.4176868
3517,2.8596208
3518,1.8080417
3519,0.5474431
3520,2.945999
3521,2.2827547
3522,0.9911032
3523,1.0031053
3524,1.2266428
3525,2.2850208
3526,1.8205093
3527,2.1416342
3528,2.8138223
3529,3.0370655
3530,1.6182152
3531,1.5432429
3532,2.414917
3533,1.6319878
3534,1.8734198
3535,1.1684428
3536,1.5791196
3537,1.8081396
3538,1.593368
3539,1.790372
3540,1.4970608
3541,1.3228142
3542,3.4797938
3543,2.3363461
3544,2.6506946
3545,1.0320419
3546,2.0585244
3547,2.4200168
3548,0.87972975
3549,0.78551686
3550,2.605491
3551,1.6896964
3552,1.9512862
3553,1.6582476
3554,3.717055
3555,1.4396304
3556,3.0588949
3557,1.6641715
3558,2.10539
3559,1.440454
3560,0.85535824
3561,2.0177064
3562,2.0883408
3563,1.6977388
3564,1.6770086
3565,0.8495338
3566,1.322411
3567,1.3158473
3568,0.9140246
3569,2.255987
3570,2.2443633
3571,1.868328
3572,0.8620794
3573,1.8437437
3574,1.5816233
3575,2.2349021
3576,0.59625447
3577,2.2785697
3578,1.33998
3579,3.6208088
3580,3.4513013
3581,2.2305748
3582,1.7506686
3583,0.67110044
3584,0.93622994
3585,1.995261
3586,3.4925685
3587,1.5737711
3588,1.3859276
3589,2.4517033
3590,4.73486
3591,3.1573822
3592,4.0847955
3593,1.7915543
3594,3.2785497
3595,2.74159
3596,1.3574455
3597,1.4626791
3598,1.5518395
3599,1.1434904
3600,1.8181065
3601,1.380896
3602,2.2908444
3603,4.8777113
3604,1.8357328
3605,1.5918099
3606,1.6263517
3607,2.2445922
3608,4.2566915
3609,2.4508886
3610,3.1173184
3611,4.799305
3612,1.5732745
3613,1.2887485
3614,1.2905506
3615,3.2871358
3616,2.4877546
3617,2.2099445
3618,0.97576815
3619,3.8652933
3620,1.9267508
3621,3.064512
3622,1.5266309
3623,3.6874063
3624,0.8200046
3625,2.2377353
3626,3.1890454
3627,1.8989583
3628,2.2611525
3629,1.480386
3630,1.5716041
3631,1.3738799
3632,2.9545338
3633,0.92515254
3634,2.3093307
3635,1.6868569
3636,1.4234674
3637,3.4144967
3638,2.0083911
3639,4.71592
3640,1.8997586
3641,0.96517146
3642,2.0609186
3643,2.3870707
3644,1.3961078
3645,2.7283344
3646,2.9741368
3647,1.2284977
3648,4.6391873
3649,1.6998786
3650,2.3609097
3651,2.3637712
3652,1.1070635
3653,0.9416544
3654,1.4266313
3655,1.5842671
3656,1.053049
3657,3.314346
3658,4.6381574
3659,2.9031534
3660,1.1406047
3661,0.69632536
3662,3.9954011
3663,1.586171
3664,1.8568919
3665,0.9050196
3666,1.3131872
3667,3.4587028
3668,1.52126
3669,1.6028227
3670,1.2657408
3671,2.0860322
3672,3.4299967
3673,1.1967171
3674,2.7806203
3675,2.1382093
3676,1.7610804
3677,1.7268394
3678,0.70237446
3679,1.6383195
3680,2.665159
3681,0.7935628
3682,3.4219446
3683,3.4592721
3684,1.6033918
3685,5.3061924
3686,1.4120047
3687,2.4837859
3688,1.6101087
3689,1.231737
3690,2.5862498
3691,2.389336
3692,2.8124015
3693,1.2890251
3694,2.9495554
3695,2.1228945
3696,0.94332695
3697,1.012982
3698,1.2233235
3699,1.3163096
3700,1.5813247
3701,2.8730707
3702,3.3675497
3703,2.130884
3704,1.7442449
3705,0.7421911
3706,1.3202064
3707,2.5691369
3708,1.439914
3709,3.3210976
3710,2.2670875
3711,1.5892373
3712,1.2863485
3713,1.0578461
3714,1.2494904
3715,1.2803193
3716,2.3229904
3717,2.1045866
3718,1.090169
3719,1.6579565
3720,0.93401253
3721,0.7533081
3722,1.3523849
3723,0.9160674
3724,1.1483604
3725,3.100059
3726,1.738966
3727,2.3779557
3728,3.9491105
3729,0.6859593
3730,2.1749914
3731,1.220771
3732,1.0603409
3733,1.6328386
3734,3.9315267
3735,3.2446873
3736,1.6731079
3737,1.6182321
3738,1.1663188
3739,2.8215919
3740,1.6345887
3741,2.3431168
3742,2.7272623
3743,1.468412
3744,2.4711437
3745,3.4430063
3746,0.62667096
3747,3.1309097
3748,2.0274823
3749,0.6237007
3750,1.7821853
3751,3.3013353
3752,0.9615595
3753,2.417861
3754,1.0881586
3755,1.6471835
3756,2.1059687
3757,0.9659139
3758,1.0268521
3759,1.1380459
3760,2.062654
3761,4.9191155
3762,4.2749696
3763,1.3975192
3764,1.818608
3765,1.9311771
3766,4.1810317
3767,0.59165657
3768,2.0673432
3769,0.66828734
3770,2.8494155
3771,1.9916817
3772,1.0651305
3773,2.329218
3774,2.9806511
3775,2.0306146
3776,2.9405754
3777,0.86662644
3778,1.2796663
3779,2.5911102
3780,2.6173606
3781,1.028874
3782,3.2793243
3783,3.3106978
3784,0.6374272
3785,1.697199
3786,3.9568856
3787,1.6832781
3788,3.2150373
3789,3.2837667
3790,3.2661777
3791,1.4696294
3792,2.522607
3793,1.4500235
3794,2.3656943
3795,4.363219
3796,1.0440755
3797,0.9033528
3798,1.694603
3799,2.416997
3800,1.959183
3801,2.2168462
3802,2.0520399
3803,1.7875234
3804,1.5398637
3805,3.0562117
3806,1.2978812
3807,1.2634863
3808,0.6557267
3809,1.3352797
3810,1.7199948
3811,1.4067794
3812,1.468012
3813,1.4131815
3814,1.7813512
3815,1.5672383
3816,0.7587927
3817,0.97255385
3818,2.6725998
3819,1.4770612
3820,1.8459741
3821,1.7843541
3822,2.1406868
3823,2.6572614
3824,3.5333633
3825,1.7393025
3826,0.6618727
3827,1.7011046
3828,1.6799877
3829,1.9827149
3830,2.187688
3831,1.5098785
3832,2.4215686
3833,3.6125658
3834,3.2750263
3835,2.3895364
3836,1.4579046
3837,3.2435925
3838,1.3987671
3839,1.9367679
3840,3.3985162
3841,1.9202446
3842,2.9100888
3843,0.94223404
3844,1.2635461
3845,2.2368813
3846,2.04254
3847,1.726679
3848,2.7652402
3849,1.3487619
3850,2.6517105
3851,3.683819
3852,1.987805
3853,1.3294989
3854,1.7343996
3855,1.3118875
3856,3.6375284
3857,3.4253943
3858,0.93069947
3859,0.5981556
3860,2.9519765
3861,0.48163903
3862,2.608564
3863,5.1630573
3864,3.7498116
3865,1.365494
3866,1.0826563
3867,4.0428596
3868,5.04505
3869,2.1899478
3870,2.5782387
3871,0.52917004
3872,1.0077734
3873,2.0894167
3874,1.3347998
3875,1.4406397
3876,2.0821757
3877,2.5528429
3878,1.4144207
3879,0.86867374
3880,3.5582976
3881,2.1144314
3882,1.0322616
3883,3.1216238
3884,1.509988
3885,4.840675
3886,2.0833902
3887,1.2505212
3888,1.6198462
3889,0.5156842
3890,3.4014015
3891,3.2839675
3892,1.3345441
3893,1.6245241
3894,2.2268429
3895,2.5148532
3896,1.9298314
3897,1.7341388
3898,3.000485
3899,2.5596232
3900,1.7096504
3901,3.5123353
3902,1.6765522
3903,1.8454896
3904,1.9749719
3905,3.2082682
3906,4.9533634
3907,1.9645342
3908,3.2848096
3909,2.5896802
3910,2.242496
3911,2.912953
3912,0.71171904
3913,0.70165694
3914,1.2411404
3915,1.6029524
3916,0.8157436
3917,1.9850304
3918,0.9761306
3919,1.9834268
3920,2.1324182
3921,1.970462
3922,4.0230346
3923,3.0605912
3924,0.69760203
3925,1.5265164
3926,2.3278706
3927,3.3824637
3928,1.269313
3929,4.1172366
3930,1.0572854
3931,0.83839715
3932,1.4510654
3933,1.8391136
3934,1.6718075
3935,0.8984884
3936,2.0408525
3937,1.6759554
3938,0.48240763
3939,2.6470044
3940,0.9851143
3941,1.2274842
3942,2.707729
3943,0.64407957
3944,3.4231493
3945,1.3212962
3946,2.4001908
3947,1.1206237
3948,1.5411842
3949,1.377841
3950,4.2549987
3951,0.45739985
3952,1.0705022
3953,1.5021064
3954,2.86798
3955,1.7237608
3956,2.5765607
3957,1.7827693
3958,2.9473584
3959,1.2092313
3960,2.0739112
3961,2.8978753
3962,3.2521005
3963,2.0479221
3964,4.168993
3965,1.5259047
3966,2.6532555
3967,1.5103146
3968,4.335326
3969,2.307404
3970,2.4935644
3971,1.4793636
3972,3.478653
3973,0.62517524
3974,2.9582767
3975,1.4845945
3976,1.3392274
3977,2.4338906
3978,1.8033152
3979,2.0789032
3980,2.2021878
3981,1.6097753
3982,5.0981627
3983,2.1923451
3984,3.7358534
3985,1.8125582
3986,2.1930182
3987,1.6531471
3988,2.3442428
3989,0.7819547
3990,1.8776187
3991,3.816363
3992,2.3853097
3993,2.9605196
3994,1.208155
3995,1.3537778
3996,1.8052673
3997,1.459655
3998,2.026858
3999,0.9078243
4000,2.1188293
4001,1.6414306
4002,1.9265033
4003,2.0918655
4004,2.3101346
4005,3.5921009
4006,1.8154582
4007,2.8160973
4008,4.3266535
4009,1.6077688
4010,1.4699867
4011,1.2854508
4012,1.2797832
4013,0.87791383
4014,0.69472384
4015,3.1609044
4016,2.3936565
4017,2.477283
4018,2.2383287
4019,2.4519734
4020,1.5566031
4021,1.5390626
4022,3.1940486
4023,1.7009592
4024,1.1017319
4025,1.0771753
4026,1.5602483
4027,1.0540754
4028,2.5643003
4029,2.0094378
4030,1.5995383
4031,2.484416
4032,1.2352008
4033,1.344666
4034,0.92869294
4035,0.83032036
4036,2.4406536
4037,1.5540483
4038,2.8983588
4039,1.21079
4040,0.7972278
4041,1.0170562
4042,1.3502525
4043,1.7314808
4044,1.9130563
4045,0.66789895
4046,1.4552296
4047,1.6626099
4048,1.4228429
4049,1.4254475
4050,1.2558016
4051,3.177511
4052,2.0401328
4053,1.3642801
4054,2.2761831
4055,0.71055174
4056,5.1039214
4057,2.3250973
4058,4.905788
4059,3.487469
4060,1.4285254
4061,2.4546866
4062,1.8835378
4063,2.9727747
4064,3.5764978
4065,0.8241512
4066,1.0768987
4067,1.9015574
4068,1.183337
4069,4.4231052
4070,1.5281457
4071,2.239581
4072,2.3277283
4073,1.9159877
4074,1.2756193
4075,0.5271716
4076,2.1297524
4077,3.598534
4078,1.7903243
4079,3.8690898
4080,2.9490912
4081,4.9254823
4082,2.1320813
4083,3.364389
4084,2.1943922
4085,1.9734468
4086,2.062652
4087,1.846993
4088,1.3479819
4089,1.7333511
4090,1.7386754
4091,1.2640591
4092,0.9984738
4093,4.898968
4094,1.5730232
4095,1.0766959
4096,1.5661912
4097,2.7202756
4098,1.239477
4099,2.3238707
4100,2.7536936
4101,1.4781195
4102,1.3355907
4103,1.9524626
4104,1.6130074
4105,2.9586654
4106,1.667478
4107,1.814149
4108,2.1345415
4109,2.5325663
4110,2.4758663
4111,3.9776065
4112,1.583109
4113,0.94787544
4114,1.3668797
4115,1.9723197
4116,2.1448681
4117,2.0971148
4118,2.2770586
4119,2.2772145
4120,2.3787365
4121,1.4057074
4122,2.9616523
4123,2.8661976
4124,4.5572996
4125,0.65621185
4126,3.7330494
4127,3.3879542
